customer_id,age,account_age_days,credit_score,income
CUST_000000,47.45071229516849,480.612178144089,686.1735698828816,20828.133855607564
CUST_000001,44.78353277034075,61.90264654883089,857.9212815507392,53301.37272839711
CUST_000002,32.95788421097572,73.24783089362712,754.2560043585964,27290.936156403255
CUST_000003,26.138757433793426,271.53365826421185,527.5082167486967,27415.291903900546
CUST_000004,24.807533194983645,126.11316188087683,731.4247332595274,25548.35216793434
CUST_000005,7.905690158856409,561.3466440262829,706.7528204687924,17811.968658952876
CUST_000006,31.83425913212226,341.3965525371077,711.0922589709866,26899.771602675984
CUST_000007,54.211597315699585,37.513719975914775,639.8293387770603,91687.29437901273
CUST_000008,39.79754162893099,12.772708326869866,594.22890710441,32379.305322152482
CUST_000009,45.84023369884185,396.48336647621784,720.8863595004756,13631.859441050177
CUST_000010,20.077209266523543,1274.8746034487226,719.6861235869123,40510.608538911874
CUST_000011,53.22641558422916,930.5439134333328,688.435171761176,31239.798448034304
CUST_000012,17.822170144488588,644.0636208129409,628.0155791605291,18521.008314014423
CUST_000013,26.7911310092934,285.5785853708273,732.4083969394795,29955.21942938086
CUST_000014,29.84616999541062,2.021158437216448,761.1676288840868,48584.57619892502
CUST_000015,53.31622689390036,476.5669617076196,616.0782476777362,31113.39808767402
CUST_000016,44.96895147105346,146.66386245672487,797.5545127122359,33227.52704949485
CUST_000017,33.84425036970549,143.55968781220795,781.2525822394198,71547.72684258339
CUST_000018,38.91984817629499,46.490923669658194,800.3532897892024,59070.19531980345
CUST_000019,51.933931958439125,300.71893563332753,696.4173960890048,79405.41372989278
CUST_000020,0.7038234386538345,9.39793750639151,782.1902504375224,17865.4645004474
CUST_000021,55.63737426009131,259.3095696539794,678.0328112162488,43414.82648192859
CUST_000022,62.16841067112274,94.82888227484882,648.1729781726352,32660.422055487412
CUST_000023,33.59696808940416,64.17005085252293,791.5402117702074,42803.51716003231
CUST_000024,32.05359694349442,814.2468929109798,751.3267433113356,72108.77824081924
CUST_000025,42.63329940932249,826.4485669894744,629.7946906122647,30827.7003472304
CUST_000026,34.118377703017636,621.897850223215,553.6485051867882,9627.818776897297
CUST_000027,45.182769158331496,91.67607847067595,665.728548347323,24315.30740557815
CUST_000028,37.580714325009865,266.98027410245544,740.4050856814538,22662.607436442355
CUST_000029,61.059381079889405,1302.2463204764704,508.1228784700958,35837.24742119203
CUST_000030,40.9034531491154,19.290646893843256,946.3242112485286,46114.2388342567
CUST_000031,36.11457032891664,99.95910153185812,696.5288230294757,20244.956528443494
CUST_000032,57.14234221772531,99.03660790256912,775.1933032686774,24320.771983651775
CUST_000033,60.760235783990176,365.1838679220965,758.685709380027,108578.40447700027
CUST_000034,25.141955123039676,15.194862324935999,643.3702270397229,85246.51178573449
CUST_000035,53.10384123453069,6.105335858841776,544.9336568933867,37582.03743371692
CUST_000036,24.065444294108428,428.5875725622175,747.3592430635182,49527.0422755169
CUST_000037,37.58593934705405,53.99971090533681,621.6746707663763,30914.14860967115
CUST_000038,52.202758260545046,620.3116865133157,576.9135683566045,71821.79512228725
CUST_000039,78.08744074403998,101.06012158483465,725.9882794248424,53686.209215654395
CUST_000040,21.445739336828773,472.4798818503981,567.9543386915724,49455.09785085134
CUST_000041,58.25606195470165,32.08048006157068,729.3072473298681,25408.12518399873
CUST_000042,67.98661766717134,385.23614097936576,747.3832920911788,52430.854976345676
CUST_000043,25.682541070578694,98.85067205427416,815.8595579007404,24092.57162948696
CUST_000044,54.45064193866483,391.21185018196326,741.2780926936498,23533.482069108166
CUST_000045,42.187927786424645,167.32195213056232,611.0485570374477,24151.333079034594
CUST_000046,38.84347435878844,812.5101521057109,734.1151974816644,66482.2973102064
CUST_000047,48.06940005537994,254.9288934019012,673.5343166762044,141504.18665489287
CUST_000048,49.385010216475095,120.29573945368598,614.2842443583718,37085.822482637064
CUST_000049,37.94092274353276,71.15075313206029,677.6537214674149,51896.16877401451
CUST_000050,47.09856436860317,1209.513448787525,692.7171087343128,28962.839300195687
CUST_000051,51.655746923554126,177.49655521602315,655.3485047932979,55725.84919460008
CUST_000052,43.21140616195306,1004.2221168445702,575.4261221288012,49763.52024083196
CUST_000053,66.44406208454842,37.31329203250285,705.8208718446,20506.862210421557
CUST_000054,45.36681040522425,435.83716523511066,756.0784526368234,22482.577429817025
CUST_000055,60.73006906257915,126.86016075748974,751.5035267208659,46952.558413689076
CUST_000056,47.725715294590714,584.346725292598,1085.2731490654721,70646.27513864946
CUST_000057,54.823039157561674,579.8461083582848,668.4730755359654,53076.23791849634
CUST_000058,28.407621781936424,315.14611971244364,676.3181393259991,35602.88414901041
CUST_000059,31.980058872249042,285.537523775801,768.6260190374513,16214.190010669194
CUST_000060,32.9210220131585,49.59950007356122,808.8950596967367,79236.32095271334
CUST_000061,41.928265001066215,88.73807125191473,626.9633368282863,40466.4815665499
CUST_000062,40.68357759855721,283.9373115835809,634.8399652394183,71805.5999319265
CUST_000063,52.431489664073126,1359.0983081754973,497.48574133423926,39863.92893943268
CUST_000064,30.07320302847418,210.96395241475497,785.2433334796224,24688.441586322373
CUST_000065,64.91952595912231,69.4618856918697,652.5054688839044,26195.30260300406
CUST_000066,66.48181360421646,393.9774776393314,740.4981710960956,43855.18052266935
CUST_000067,64.77026479719235,345.3011222936638,548.0630034045987,28506.373235831426
CUST_000068,59.00366723779934,5.291799098093561,629.2330534381219,32250.989999016103
CUST_000069,68.08008520708457,37.57927523345184,375.87326599309273,21759.509934696922
CUST_000070,36.2114777291026,185.5428643228705,575.221681803515,78553.39203864297
CUST_000071,59.84895710726855,16.922248267495178,844.1273289066115,17713.262369692176
CUST_000072,57.447456282324396,392.3657888800742,701.0233061019587,32819.27378152022
CUST_000073,40.913449106757405,321.6917928996611,711.3517345251248,50567.54959831079
CUST_000074,63.79025224218028,223.7289305286483,576.2184501173151,51196.38772962847
CUST_000075,41.06458623459619,178.0935474828183,728.0991867735032,26599.567629023728
CUST_000076,36.87816624464087,680.1870046355061,650.6999065341167,26605.717560264995
CUST_000077,34.667670386254606,435.5017240805684,789.959987543325,42346.86877192806
CUST_000078,52.1929317825844,120.93685974195958,762.9628841923612,47852.0149270386
CUST_000079,29.348080631087743,600.1363518838482,697.9098406035852,38509.63280294843
CUST_000080,59.16497343682637,152.1077898897249,640.842861116417,78938.93737235322
CUST_000081,33.40723186788584,512.6910402020812,830.5478807154329,36698.89486123517
CUST_000082,50.22929456942446,179.9407857319625,668.9733243406544,31712.930181337204
CUST_000083,30.803579756374333,1093.8949198637242,709.6995964992718,48902.241493165224
CUST_000084,27.72668975149791,126.66331424236192,909.238727568546,66334.23851427689
CUST_000085,22.05009296179717,509.4808238870232,762.4119817052156,49720.5075944435
CUST_000086,39.81629840729628,21.637822853789295,610.2745628514168,12771.751866080987
CUST_000087,66.55647274850078,798.1158124405924,617.4502803207488,30924.59432581463
CUST_000088,46.193971814134365,351.46057310803275,643.6275447196025,29241.619434553453
CUST_000089,43.057340912912004,629.6928366401322,652.8961694381677,40783.17788698028
CUST_000090,18.27873487754014,611.5850221981772,559.2536225623445,26052.949838885175
CUST_000091,60.40167049372258,31.8258076997544,731.0907565598004,75938.42613619086
CUST_000092,52.86489434803029,43.02627590973629,684.0061470036572,31220.739451098292
CUST_000093,39.93155756514555,230.80934489776809,732.271856033809,24013.814027495195
CUST_000094,47.79019771361759,1195.2728763223677,853.2738913002578,17627.139559575236
CUST_000095,27.337946297233902,740.7684264321338,722.4092481810417,36544.87368156355
CUST_000096,41.465141478232475,1271.5049557584418,622.6990216144534,113309.76708122202
CUST_000097,46.09340027574893,434.3139519126226,915.3182457511556,24743.70070311397
CUST_000098,53.08480955081017,16.976683536370555,718.3342005738351,34356.07136776304
CUST_000099,54.64463689721654,353.29555548972667,616.0278157819224,26911.357201243816
CUST_000100,8.141564135352898,319.8289526924247,647.4244978319239,13955.747945210234
CUST_000101,45.43714688207953,613.5311161331188,610.1585328651643,46442.00392651413
CUST_000102,20.196501894690368,985.1417019646981,883.1458765854354,35003.188702383166
CUST_000103,35.76668216519183,607.2314188935715,528.6865470909122,71463.07681264551
CUST_000104,38.28190232121073,195.5797517594824,823.7816311973462,34395.659839852946
CUST_000105,39.16772562553489,730.1555411012083,700.5243699718184,37178.66286791063
CUST_000106,33.249017927811344,218.57179200095052,762.2849932347499,18319.199506786717
CUST_000107,48.03237714962807,406.5477817982363,546.5885829264378,68791.70232792752
CUST_000108,44.98471017969388,268.1328048279038,625.1513463443447,38462.18131937839
CUST_000109,63.26894282099457,697.7960906275966,906.0747924881987,87349.31043207036
CUST_000110,36.2655377728139,52.51910371745912,797.1570950954356,76459.96786324446
CUST_000111,53.1673775272017,87.41074512510687,805.8424486849588,15072.546520210833
CUST_000112,22.251122310013372,855.9474558882262,496.07678222398994,40137.534967361404
CUST_000113,7.4370125780438485,558.7681842676911,862.8615545571292,18214.06307090709
CUST_000114,14.44926340967268,224.3242430903046,694.4452301103381,36203.11450501328
CUST_000115,46.04678990628366,145.49485171668243,569.5530499495147,50758.59663670045
CUST_000116,45.498973691452726,73.2724203175858,606.0120213672644,52769.25538921799
CUST_000117,35.639615379534355,234.4691167010067,601.4273953664456,46724.46852648047
CUST_000118,32.04613572441339,71.1063133813344,620.7127167737656,17728.974638424035
CUST_000119,37.12700764130061,165.33810716148525,896.472513291639,36961.48767844929
CUST_000120,29.504117380111218,754.8691649481531,721.3979910734222,55585.4709532748
CUST_000121,30.69454416196672,503.46539267822254,646.9498852389472,27230.443689503085
CUST_000122,35.87422454272534,351.4956694313715,469.8078835264415,26548.74904619027
CUST_000123,7.1180491563703185,502.3235632422925,757.6556963055766,42430.59992521031
CUST_000124,86.18321212682856,41.376888567342135,811.9574911434577,77799.76620593805
CUST_000125,3.148794147047811,101.35787319013846,624.3649254715697,17834.198288544383
CUST_000126,30.3014067363621,46.56053269894516,591.8451996385605,40502.19164272
CUST_000127,53.65846183556621,414.87102963095657,699.2027358683382,76112.8258785115
CUST_000128,41.16052461471428,322.6319161230514,613.8715798671736,29136.522080886112
CUST_000129,63.7305727444567,49.816903356198964,612.4381746615243,18189.506384770673
CUST_000130,53.89266321297462,160.67546727290926,890.9416640470131,36821.80463001763
CUST_000131,41.910482178057336,98.84000299623197,634.9357430878173,28465.19261569145
CUST_000132,31.114091136416963,69.49688828695376,613.6009230320184,10390.219803560649
CUST_000133,50.26963302332753,1474.1043905958109,676.105195313359,23068.380953723827
CUST_000134,31.34843004147501,68.40082946706795,775.5391225825756,47294.926416978895
CUST_000135,43.11255227738704,296.9824039952309,533.0594718878629,47652.01025808127
CUST_000136,30.0606436158123,142.7470517885199,757.0598668593159,41767.70344002313
CUST_000137,-1.1143226668955242,101.32859300290613,725.9722501721482,23105.86331466235
CUST_000138,49.57888688166061,61.197634761298126,533.847993773104,146076.93467713156
CUST_000139,15.834915850671681,19.423347781849284,613.9586634716047,29963.109717384163
CUST_000140,55.094392138216605,107.26942451709151,642.3108130476851,63143.45955445753
CUST_000141,51.574572239520045,330.488006871736,452.83554998727107,24380.82818388148
CUST_000142,48.6560819077081,648.0965809667563,679.6954613957007,39531.95622620556
CUST_000143,41.340908787184745,72.98387054079116,708.65897874729,33595.9694632133
CUST_000144,57.51673092489711,54.9537599411803,725.4420843301214,26977.055128506257
CUST_000145,48.82492777690963,65.23104762241407,739.4452142378296,29422.287948041714
CUST_000146,44.34662285344619,162.22841161249488,907.5400798645438,31726.207098258674
CUST_000147,54.214254064921136,619.0701719395454,496.1875464822146,21937.58916148807
CUST_000148,11.938121184612164,502.5237192219829,664.8486515958691,16479.52584697664
CUST_000149,40.24080127965896,838.8940450859631,782.9405581183489,12021.263818066549
CUST_000150,43.53421837162849,45.37483478808961,777.0865193886967,39442.42095449617
CUST_000151,48.53405011704462,148.85660517622793,733.8496407494414,29506.21042491633
CUST_000152,49.491727991594274,818.8057156458026,927.0692857804396,28461.355194882763
CUST_000153,46.05730838018958,136.35033125946717,783.0335816544246,23669.86708237668
CUST_000154,41.073493558290885,524.6560062888193,652.2342553234884,30523.026138280606
CUST_000155,52.43708026877902,628.4599066924661,673.0125064706629,22261.59203156566
CUST_000156,33.33560109885833,95.04345319233408,737.7300493044852,58801.64792078439
CUST_000157,54.603361712801856,374.06813618914765,741.34349032237,92818.18942283149
CUST_000158,28.393162013446403,73.14646519853412,575.5345296688583,39549.055897186234
CUST_000159,52.53348097524856,186.96966570984316,765.4365656354058,35320.10630724524
CUST_000160,44.1995293947973,257.3229708895097,587.4510952701623,32812.89607653082
CUST_000161,40.70373152425388,750.6931357273543,710.9394794604893,52202.3771418286
CUST_000162,47.2151384760507,448.3650704882691,722.3884024279131,41155.875000821325
CUST_000163,22.90368357764941,340.62561281741546,859.3186626639397,28124.38188335235
CUST_000164,25.155927696121285,1529.0485060290578,687.4213079900352,129229.54890402408
CUST_000165,47.85929000661691,185.84516784428996,684.199210142101,29335.670126605826
CUST_000166,24.818434371097485,281.37230380521686,534.514332813423,32372.358802269257
CUST_000167,49.42210020221004,155.52886737485076,666.4215300709872,83659.54134773128
CUST_000168,36.10612972954593,55.414271504956275,549.6857046881894,36194.89163078089
CUST_000169,20.212824321970828,198.14981893344256,676.9065469791323,51436.493120138235
CUST_000170,67.73434142418017,4.811044861365618,812.6565029547758,21837.935887073745
CUST_000171,47.75003962972184,1184.7893693794356,673.111130944517,20883.967652770763
CUST_000172,78.60039704874791,25.342698552312772,705.9218434014489,24556.408733979053
CUST_000173,50.11420703120163,833.4099227362451,642.6337993119764,27627.59937399947
CUST_000174,39.50870094676002,303.6960978418059,645.6575228866235,72714.13941640203
CUST_000175,0.10972964425940868,212.1312372024668,824.6085192497629,12878.375730117279
CUST_000176,34.85968608879477,722.3165048280912,662.8559134004208,33693.52686114327
CUST_000177,47.91647141397491,115.2419484778231,588.9424154534171,87215.31469492668
CUST_000178,54.035175897211914,10.026498127820636,827.1555094994159,25533.968641456937
CUST_000179,29.075272750781714,406.76137383216593,647.5479733720226,46382.95309954042
CUST_000180,21.668082866620818,38.23011222197803,771.2998430172388,54553.21651559838
CUST_000181,25.893793381481466,706.5802631706842,663.9033834180921,64839.152276521694
CUST_000182,23.78405008600154,126.63075984356864,761.5935606944264,15758.109710101824
CUST_000183,66.47030401394078,814.630002599967,647.7276979480961,61359.45861557993
CUST_000184,29.43484464185861,325.6959788023064,559.153870363644,53006.81582002085
CUST_000185,18.80463481987334,192.2221543371311,491.8070592116278,84815.04166242713
CUST_000186,43.16526200803928,526.4228938624123,690.3286888129608,59036.510001496536
CUST_000187,39.5356262404514,587.1807756844136,663.6387787786144,35296.07998387047
CUST_000188,44.61702653338089,366.34952615610575,528.9831607343375,26597.506464758208
CUST_000189,33.727854489860924,657.5062868142729,701.8433933065393,43208.42821103539
CUST_000190,31.903604795359577,6.775088904929593,622.1695274597687,16077.941317399645
CUST_000191,48.27795482964251,294.8599631235496,802.9155637325644,45995.49524441188
CUST_000192,43.840446014708135,334.91805725445164,798.2690983945514,21985.118117003134
CUST_000193,47.65444584373485,897.2464896815251,515.9125768668355,19152.94017243214
CUST_000194,30.627721334564818,66.3795223429844,702.6091050210833,30515.604565292924
CUST_000195,42.97837544344438,337.33380992956717,638.8482197008052,17973.782576264024
CUST_000196,26.151501308336435,463.3908551231207,564.8315394383667,48386.85571093336
CUST_000197,13.696394231369695,235.92132214194552,749.331790088089,39831.68825708442
CUST_000198,27.1246332972818,11.563082770854114,770.0309879408991,49206.619305752305
CUST_000199,17.212300255207346,19.27027650641776,956.0084538268794,34612.49593851609
CUST_000200,57.23909989428514,41.14240388910747,629.6823574874113,39732.41806344707
CUST_000201,34.9772159143583,249.72213273202004,637.3032942212233,89879.4205184721
CUST_000202,50.61627903183213,586.3803708454693,643.7533224105732,21080.62249555835
CUST_000203,53.942237610171546,325.63872109906447,627.2862824175131,32088.105081131693
CUST_000204,38.88349856349931,74.72655289841502,762.0672097550678,61838.68008579286
CUST_000205,41.79408503330604,480.9268393826229,755.979044793104,62341.9830330254
CUST_000206,52.50883231823356,104.84242317214384,745.9180079228437,16927.9955054998
CUST_000207,39.131426389933225,1604.3788223529452,742.9618219132586,40289.406347185046
CUST_000208,44.0736825579306,901.8658214058186,572.325142417969,45402.3827330257
CUST_000209,36.80091436051313,1293.0015217571224,696.0444846143345,51059.676172933
CUST_000210,40.42477564195689,140.28429035463003,702.9756139495743,17987.27853246675
CUST_000211,47.515500152760175,46.89438512715008,722.2133771633713,28584.66571382003
CUST_000212,58.83634188360281,24.670326453658127,610.5392697780496,44635.51842552894
CUST_000213,11.05473105528764,570.8955266683654,803.1844539468635,17278.527307772365
CUST_000214,44.00575398803888,96.80370968253506,788.9630795623438,51880.5788113899
CUST_000215,40.70525819685618,585.2309709034407,648.2711549899628,73473.03301282618
CUST_000216,74.48347185428875,755.1536333718224,663.7161439560341,15663.5218270934
CUST_000217,13.62101500008779,488.3034882303879,657.9813182904143,31543.022782404612
CUST_000218,19.833242334485846,128.26636175229152,608.1348053515802,13810.174049118983
CUST_000219,21.889062525304382,415.4914167486532,798.4322398476584,32630.593489622344
CUST_000220,39.25804435521351,346.89387299039936,767.4819492166604,65091.64358395702
CUST_000221,64.31662836681573,262.380889696241,636.2260015748684,27847.584873175816
CUST_000222,30.652892103628535,551.9678765140708,644.4522880839745,28339.602210991674
CUST_000223,37.4782765656206,1269.1357390322726,842.0504247989854,27299.58700741925
CUST_000224,27.51466640343657,617.548246090005,747.1415556386404,25524.514743789907
CUST_000225,29.445699056103305,281.0401392661555,854.7505201330061,89137.80629580223
CUST_000226,30.80816964273421,801.5247059452122,661.2298440064015,47655.320053148134
CUST_000227,56.254144808582055,292.15139527301307,682.305277250595,24363.743345479266
CUST_000228,19.31021157978209,469.11828669893,626.9069960058081,23850.145596575505
CUST_000229,39.87582888174926,90.774135330852,648.2388700963828,40615.05037621267
CUST_000230,39.753656558908716,239.0951251639907,818.8393273448085,66357.63063673615
CUST_000231,45.147025765253105,156.00761889000356,768.1891489626312,91432.26124816583
CUST_000232,48.75892277988946,582.7772988197474,664.070790921294,57901.48560360559
CUST_000233,46.3252738586839,737.1615329504934,782.0482181197365,46799.93137477252
CUST_000234,56.00012034383731,351.8367929430987,816.9295590445673,26249.555578882395
CUST_000235,47.20843161116121,776.554406089036,683.2881919683145,39079.63800597911
CUST_000236,58.09763449762535,63.96932867629056,618.3064329012764,44762.51177640261
CUST_000237,46.00618043857655,258.4912864380029,719.1099068019903,37168.55079919625
CUST_000238,19.60215788530121,366.8751976986659,774.625356602722,76693.08852185475
CUST_000239,43.20445636642765,41.29866131297761,724.9383683710755,79915.62262650243
CUST_000240,38.57056701419572,365.4977495309334,727.9021525770339,39647.09328108173
CUST_000241,46.12768522566139,25.64039235625453,807.3631749859773,21736.373844771504
CUST_000242,41.99454511220314,154.93123300164683,629.9879185060827,28564.902736155273
CUST_000243,41.91704046050174,749.0211883800731,644.1078152728412,43853.33008368643
CUST_000244,63.482860438515104,419.6717903151489,693.4249738927012,15514.079167830703
CUST_000245,33.90260684955607,2135.8079980047974,555.1986099583756,12095.599910498588
CUST_000246,46.60021675079999,431.8432668833495,649.7945775647389,63635.48886422862
CUST_000247,59.65815737038319,116.50283476591498,765.0201177958661,34558.61227770851
CUST_000248,67.69955494071499,184.99087059833596,592.9915233673847,56893.94896499279
CUST_000249,36.90149247353006,95.37662155662001,574.8460575809555,74748.34137448318
CUST_000250,38.76773232411147,1258.5500545382922,811.7295831588128,41557.55773541443
CUST_000251,36.54915346605426,547.0537162061186,756.9767280232204,45426.65289793077
CUST_000252,49.64084139801316,51.3533048635676,832.9152530132432,67819.21790861932
CUST_000253,47.37106850529246,239.75330149847503,632.360769794073,89363.73378117668
CUST_000254,39.39763074033485,24.222513539612777,556.9224897881952,16387.885900341713
CUST_000255,48.47051593804234,583.0171608616661,655.3816566785221,14118.335681631583
CUST_000256,33.21540521126385,334.4648677745484,457.61206733710435,60582.46424167226
CUST_000257,23.595565809049074,717.9504391071323,603.3023856870788,35459.42350667298
CUST_000258,39.945961913641476,351.4009887608696,584.1635310807458,47213.9363352187
CUST_000259,66.7243763563805,3.5838968153655775,720.8382807947553,13083.832226639086
CUST_000260,36.29233926219105,12.32489868251628,631.8015752002201,33206.27079515505
CUST_000261,29.021843715546744,51.9718046625014,879.7686526849523,50032.16765430499
CUST_000262,31.43231515325805,66.90491432430309,757.2582781356159,41679.10825538944
CUST_000263,28.021820265907266,447.4151529217338,705.9630369920175,26279.162694397917
CUST_000264,50.47334970420385,457.0046275982896,739.348538542175,27180.860947197452
CUST_000265,56.335149726771604,615.555917811992,831.7394065634326,40086.69658819762
CUST_000266,71.12891308937898,272.8002020949509,631.0812181910433,30189.189979595667
CUST_000267,43.06824094136118,22.721261431440503,634.8581996385552,28511.337180752456
CUST_000268,35.1947903770852,1359.297525443444,742.4165946401916,21681.440055350242
CUST_000269,32.060526436806704,569.1127806219368,697.5645407739017,105993.72564414641
CUST_000270,65.91314755151068,94.66638017564796,743.6323669674032,20662.72000762092
CUST_000271,48.46416082040105,416.15394527550956,674.2623462576655,15767.528768198938
CUST_000272,45.98834683907919,495.5013352335025,764.7195939702741,14297.417933385927
CUST_000273,26.475988809466415,169.24526244976343,722.4451818559972,61300.86000713549
CUST_000274,65.25891537186803,243.39452081371311,654.111573713106,16050.958713924363
CUST_000275,31.40847363177211,327.53169950843187,847.6540349725896,72406.0890019091
CUST_000276,30.616559477357058,459.23019183139513,739.5803533437409,42697.68848040127
CUST_000277,35.62765031509765,247.4046440320454,754.3600154594433,30172.700390264956
CUST_000278,51.57548065972517,162.45783509989988,415.1457379369925,20378.09800645197
CUST_000279,44.788350132933196,181.06588082266785,570.5318524279095,64887.70203103506
CUST_000280,32.98448198032163,1277.722815864906,734.6503881730716,16681.417840946386
CUST_000281,35.914060442502866,27.86326873291703,707.6821891060256,19120.26197065685
CUST_000282,54.9440022917071,205.74217460024124,650.6243416838688,50234.74035389404
CUST_000283,19.12005494217985,447.79025154016085,665.134786559214,30496.620337242824
CUST_000284,35.17547423173926,678.5322590967947,907.6747983560841,43535.31867139628
CUST_000285,59.481077559156944,739.858878683086,674.0957854179297,32919.65173018358
CUST_000286,38.92598110878904,276.4926256343895,696.2777763490159,34014.49422914553
CUST_000287,24.47567703201801,991.4161586647381,707.863519031609,13371.751419424128
CUST_000288,53.74491512053722,221.36967821858346,734.6488475897993,12702.328083066064
CUST_000289,84.0662927075166,401.20991152893794,810.8182816737517,21591.328104971148
CUST_000290,49.191608575938545,1278.8250924336614,594.6584436826344,41701.1746434347
CUST_000291,30.239296939823657,214.08631151136834,680.9317599236654,40486.19928344646
CUST_000292,53.051015960331306,1056.1028213937996,749.5681887972604,35758.961291746695
CUST_000293,70.05110900773157,351.10622227609366,720.1099046714968,61409.952756099156
CUST_000294,56.58288899436976,88.67017927657874,818.703030556038,21061.530383970858
CUST_000295,64.46688778422808,384.4731645258413,730.2635465239033,24905.951625352995
CUST_000296,39.03792480110511,746.8022132707499,732.8762410303481,43057.85732878722
CUST_000297,61.52772323785078,489.51127683622036,675.5843364709351,58808.61190573122
CUST_000298,57.84205733386961,602.0521126844418,577.2392184863007,52090.25347854217
CUST_000299,49.530953983223455,208.76631131078858,684.9944412967473,38668.7951441088
CUST_000300,37.40392263574196,143.23665469426356,701.5579047581467,19167.831463544633
CUST_000301,15.343889266179135,433.9764232413676,600.8607650543693,12373.40812994015
CUST_000302,30.415573784657465,94.10616059956283,567.6910206592502,39531.254697576966
CUST_000303,29.498261901924877,402.6904384009402,631.1849654822277,111995.94034180824
CUST_000304,54.72648230487391,267.20119000258165,667.5168616491378,28937.04428411234
CUST_000305,39.70096907131285,152.35387671494115,561.0427533236405,15951.380026719506
CUST_000306,55.338556480144604,341.7317457703092,943.9752406339272,51020.69112479361
CUST_000307,48.63203001241645,462.1939314984577,775.8928589786765,41797.66317244547
CUST_000308,41.56301655927814,22.688364207633033,693.7406872100478,33042.55833578565
CUST_000309,48.29609914660719,39.033268408056955,530.7043185804614,34573.064893813076
CUST_000310,25.171133392736238,593.0093022873796,589.6410682784228,13959.958722312262
CUST_000311,45.95257998773208,343.999637748397,601.0371863429663,58127.00250494022
CUST_000312,25.262689096925357,72.94655221858063,677.5366850002976,22368.303084194056
CUST_000313,48.26555953363806,271.8463424022165,639.8632356048786,42611.99081030474
CUST_000314,16.105093997024962,1202.624984709893,744.0474737960399,73035.97095165763
CUST_000315,38.87283749784975,291.63910624766805,712.5224502647907,29298.664959280082
CUST_000316,41.83446254548426,624.2603083683211,754.3298029036388,31509.018787809207
CUST_000317,46.01788324490335,86.98464437575684,559.7394728200306,87097.92780702557
CUST_000318,21.342051469130723,553.5295429642438,630.7094802204093,54255.02040088945
CUST_000319,31.59327772765714,201.1855547757247,632.6509375756132,41751.768184715365
CUST_000320,27.46979420110364,322.4264379843108,914.5149127773388,47201.519961365404
CUST_000321,28.97634378283301,724.9974060723354,681.4712341122291,34033.12690983473
CUST_000322,40.657172079686646,340.9775152632301,685.2997998371511,16840.231251676178
CUST_000323,44.016268365466935,180.96067274879988,691.1717951648745,131907.29824496375
CUST_000324,27.944881480454036,204.02234386287626,863.9116805444067,59171.30418391142
CUST_000325,56.560737047250306,1729.8761848704949,756.8983079185275,81977.35352385463
CUST_000326,34.313083885187694,32.686067938326396,679.6419639897638,20944.060118413614
CUST_000327,29.330520628591934,160.05222070580356,703.4083468259226,24711.237643402776
CUST_000328,43.50678867686121,774.1368280187558,544.4104353796373,45766.75200339182
CUST_000329,71.76783924438836,143.1004555067133,822.7668992473292,19834.52709373547
CUST_000330,65.08858580256555,228.44361871357924,741.9019009366045,38109.42322966865
CUST_000331,29.786690769413774,1153.8392509627972,753.8755992446369,22917.663027066712
CUST_000332,42.54041236054117,37.111186551361726,558.628550309502,80156.20021535063
CUST_000333,35.39829410692944,155.87462294219077,809.1310120594269,49245.29260726198
CUST_000334,23.615308529911314,1785.0890611475402,668.3591550305198,37665.44511731319
CUST_000335,51.701172695748745,673.5604121026197,931.9329539981694,44207.90594908257
CUST_000336,42.880736747350475,49.8726273585511,669.0883535797499,46717.21583278492
CUST_000337,48.73593939976094,450.2476002191673,621.4010539492051,18664.591835861767
CUST_000338,12.456919403450552,184.61971235390868,750.7991326912544,106710.15238121881
CUST_000339,23.02820469021355,264.6280119965855,699.3929088460106,55229.106625003864
CUST_000340,41.22744037821347,174.85019081349046,690.1110346808857,48253.3484906008
CUST_000341,48.9939116992224,132.63438240100217,682.5040243304592,24887.661069462752
CUST_000342,48.047647653556055,155.0521555677838,610.1532018208962,37244.810840076265
CUST_000343,42.557458525606464,630.9664390246272,697.4973041254856,54659.76442236214
CUST_000344,60.8531132352597,70.14435258592144,755.7810306351862,10271.626694250828
CUST_000345,40.95935180366399,57.76567053152028,639.0487797840717,33074.38347200652
CUST_000346,40.849748873456605,1232.3049086376989,752.9692754356731,14747.008774496368
CUST_000347,30.302057182113433,257.5100457937144,606.0664606181246,33791.21789568648
CUST_000348,21.854578857383387,352.7726038446038,759.9928729996204,22398.325644422424
CUST_000349,46.25785696573846,23.108956266943956,678.6557129069791,76524.25806398116
CUST_000350,42.23001185803167,1502.0837983447877,666.291402888196,27396.635319758105
CUST_000351,33.83603265551224,47.23406819876342,638.659733645906,31218.469092609048
CUST_000352,34.17734772188157,259.94250713864244,717.0416222375487,16862.55372893039
CUST_000353,53.686528738887496,356.9295371289436,444.60788650980453,57939.80788844588
CUST_000354,19.496819523768682,167.34709193477136,677.5234598107317,66430.04075954825
CUST_000355,35.25024956108158,482.8257678436366,642.3489599273281,9941.55627132993
CUST_000356,31.806333276212758,279.7305415216732,739.1804005402546,22091.47095723295
CUST_000357,39.535915042665636,289.8039691056185,819.6571501664491,33548.090089323414
CUST_000358,39.590431907351025,59.34030705704242,606.6732040926804,65127.93602184147
CUST_000359,27.056419918742524,235.8988405514405,562.8098857068644,16207.336694254991
CUST_000360,62.06755491240413,812.6391084581675,679.0676322848134,64290.247525555606
CUST_000361,23.187664517194186,210.07483507818625,767.7925871339269,28454.00764604713
CUST_000362,72.35962319898255,393.07260103643574,639.4285076996662,41700.64325495999
CUST_000363,51.99248880256222,347.3872404004683,703.2004149065766,24916.638317548084
CUST_000364,46.89958214408674,262.0315772987813,632.2284630247893,32386.87636475759
CUST_000365,41.350642564799294,32.340436153994666,663.4678448687891,39828.58513435238
CUST_000366,19.793105657054554,157.06915449341122,602.8385961489348,51028.148440135155
CUST_000367,57.367222630360146,74.75461161514987,818.5704154662997,52024.84413701158
CUST_000368,54.940715287087244,357.6753645031339,624.3204911430539,19413.141134806643
CUST_000369,32.46306269634075,47.234682505841924,832.8194141849058,47959.63529239058
CUST_000370,46.83831658122411,15.642654367824798,916.5002344901084,75192.69355468833
CUST_000371,66.98907362528499,503.1950692948303,753.8296079049633,62084.6259889153
CUST_000372,34.52570905685672,960.7717998448353,616.0790332660994,26973.545617231244
CUST_000373,20.780534897847176,206.5057677523368,905.6207129940323,20918.638130579486
CUST_000374,36.68119564621342,795.5916246017015,672.3186700111079,18577.815076448787
CUST_000375,53.69500330411449,617.7738835377729,683.2878286213588,41826.691829916635
CUST_000376,36.2696331072468,673.4801467818099,860.7345576019993,56630.299067080836
CUST_000377,51.01673550231482,389.6682295997364,718.1021558703707,18988.409126517843
CUST_000378,45.99531927628962,621.4379699539838,634.8643106208172,36873.16851920385
CUST_000379,17.62095780292938,670.4995507243983,730.8833012598964,85059.60051749818
CUST_000380,43.61129769232852,128.91028025059148,960.1683114180395,89831.18936688663
CUST_000381,49.35323285352456,754.1316374142201,828.9752754082746,50847.72574180768
CUST_000382,37.92316024024339,3.422032740026497,577.5701763710634,54952.65404005936
CUST_000383,26.09930346261728,1753.7649359234406,679.0976742713975,23735.800877743735
CUST_000384,31.29214825292916,295.6032480068797,758.8578404420609,52047.84368565063
CUST_000385,61.697559039198666,76.02417123120927,819.6631486645651,26771.911749454113
CUST_000386,37.989742499906235,522.4073693920827,701.4688194729197,17589.751622650117
CUST_000387,23.40537728157487,58.8422370423184,772.2381357827771,30139.245055912234
CUST_000388,65.90445776850108,793.2456230040002,660.0363814385398,15530.721912606592
CUST_000389,61.85793639934369,194.2115517498731,547.4343685429906,68274.52927087461
CUST_000390,31.722127811613298,375.26817871324533,955.8199285668252,38685.669427595996
CUST_000391,29.680939188042593,300.8915170200514,906.1503576636397,66448.54151526779
CUST_000392,55.360937887171936,114.779792936081,759.2526949201183,36187.846179324595
CUST_000393,59.68612932613948,29.269053424129734,682.9815377475071,28951.751306074406
CUST_000394,50.44581171185073,567.2370087128631,795.5305208570511,9074.454694281825
CUST_000395,52.014049594441936,58.22713024281224,628.3177679397195,14281.663082373823
CUST_000396,38.75978971235951,332.83027986744776,687.8252491616716,39931.625904796805
CUST_000397,48.65137099289608,199.61167813123816,822.1033695525352,48583.9666790101
CUST_000398,36.60273851725252,668.4414768208811,604.056076327652,66126.22443704575
CUST_000399,10.939565252853104,323.45288312408474,651.1150578213726,20747.712598292015
CUST_000400,42.113293703668056,129.52243637916095,523.1560634437149,60869.163170375214
CUST_000401,37.07582187356562,673.3300529084769,751.3600106569717,27823.870439931907
CUST_000402,22.45124746434568,52.293570767734465,412.7737786718351,40249.11067132878
CUST_000403,34.32318922230311,250.42446132785028,866.125921454787,28895.809734629835
CUST_000404,30.966819094573292,343.89789471464917,746.8774256075023,44251.950618089715
CUST_000405,31.39843267686643,390.51134672481953,689.9845923520047,32799.32204869494
CUST_000406,26.830261198651584,864.0179530889529,617.311964596014,23857.628171900782
CUST_000407,26.157547154097504,519.9834725629638,849.2688568959521,31711.61192198612
CUST_000408,39.67949058477346,12.479906602351688,625.2788320852177,38208.8385637115
CUST_000409,23.034604127620852,193.26436900027488,773.6843897092433,31550.232002879904
CUST_000410,41.00486075837308,1008.0593553154785,751.5939217704099,34379.830690212715
CUST_000411,30.93981587612309,109.98119649100138,779.4264679621828,19396.642991745386
CUST_000412,44.40336898249944,227.57573638289747,564.3418195376595,37797.44135439761
CUST_000413,45.21859174487328,156.95867851481236,626.5408423201951,24218.54113736048
CUST_000414,43.008537958464146,270.48640534668687,814.8637349428715,31326.804377054672
CUST_000415,42.28473270364936,449.1094687198958,617.2409779351281,37913.856894698954
CUST_000416,23.917914820215895,66.156825831963,407.86495165053924,29022.01301410682
CUST_000417,70.15013933950002,193.67983019124807,761.9154261005198,101594.81047863969
CUST_000418,40.31190561513112,599.3226227543684,627.1997058770866,26275.1704007807
CUST_000419,39.11677285145913,563.2242389861015,635.4035820875465,24352.845906091396
CUST_000420,32.758847167269515,515.9901879530285,604.6671391741288,17622.57419214804
CUST_000421,41.42490627034457,767.354976461903,670.8188731084456,16620.7068177953
CUST_000422,53.246646657207386,282.404363891431,692.2162802987198,22320.852926104155
CUST_000423,39.91903935457698,390.3251392428013,657.3642403794456,64487.25295179305
CUST_000424,41.69905615806647,123.54058891450467,556.1722021682633,43533.47265575928
CUST_000425,60.52632931709013,367.4507990091457,655.2678104341248,68906.66459666162
CUST_000426,41.01783265791105,62.751388230101206,785.277367512222,59354.708527675466
CUST_000427,49.845413047428224,139.03271385043428,666.5224667893459,29678.429111752357
CUST_000428,25.673161309759706,211.84461113480324,742.3599065593461,25137.047740165075
CUST_000429,43.055081273396475,781.3209857249298,702.4219456672758,73578.6571072763
CUST_000430,38.805379131314275,1511.8611624046785,745.2371796249735,64496.53248812496
CUST_000431,61.485130468262525,66.23574543292169,681.2855734995451,59448.46001055986
CUST_000432,57.81079077347126,463.79084333268935,958.9563642018613,24277.713934426003
CUST_000433,48.946635093410066,712.9091861875238,716.8460976269614,70178.604741904
CUST_000434,24.901861520805383,232.5357646781535,813.9878561129045,33433.05936989803
CUST_000435,59.589548759907835,161.64127060809304,829.6994546561109,35902.6349547276
CUST_000436,25.01046651557634,454.3678708333785,649.5225078771782,27374.237471280652
CUST_000437,33.83937011346375,156.0816144679605,861.5375689469441,30910.146212934866
CUST_000438,58.257377812382444,158.5718305635444,852.1316051922452,34492.19685431049
CUST_000439,58.376985222518115,1411.9084820571352,609.6298139269871,42709.627443374986
CUST_000440,22.314403132602962,423.1827753690835,818.7679388461564,29701.909859045085
CUST_000441,47.86397016464753,662.2039554211837,787.1297297457244,18527.47713802607
CUST_000442,41.89569369319618,132.96605081897846,893.8928999058285,60739.00185250268
CUST_000443,20.248767297669147,1016.7255477569215,735.0630099273559,46378.60649971311
CUST_000444,49.52082202842655,110.04487685350361,810.9699841956224,41620.53260694563
CUST_000445,49.75572683081903,300.02360807852887,686.7366253617427,22308.774327581403
CUST_000446,56.60621003930459,288.746718129804,687.9618836046402,41211.32627451619
CUST_000447,39.048309040837815,42.83048686376686,646.4671814046077,34708.27322017937
CUST_000448,44.97970495853522,119.92290894361707,719.0499679779067,29213.578099977884
CUST_000449,51.25880280753665,882.0370213840994,773.8810480887503,49398.91513013987
CUST_000450,25.96841946933107,645.4668656357914,808.5982116175032,50498.06476749764
CUST_000451,34.202849241220385,43.59463000559939,736.728731340134,91043.42217028282
CUST_000452,36.64801026442222,4.555787093385227,665.0683203881803,14149.010538087012
CUST_000453,35.55598834736677,332.95039040168376,594.6317580853646,21292.252203482505
CUST_000454,54.25461387960364,813.3765450117154,871.0613372581926,52425.706799171676
CUST_000455,30.260030321194087,12.879223375794174,707.0052163113181,64921.82620422301
CUST_000456,26.08970298714139,35.97383902217845,723.8368982734785,41463.87161852857
CUST_000457,49.62895802442327,645.2361666256778,718.9581616598743,59905.466854038474
CUST_000458,-0.5484843949885576,139.13151034138485,767.7875319530907,75889.0759573048
CUST_000459,34.71980387719789,336.20548135324526,686.2551485372309,58479.83503855094
CUST_000460,64.18417386982968,326.94733769072224,831.4914453584047,21868.23839313887
CUST_000461,51.743053653720196,262.1377428693811,675.3937511870051,23822.2834811297
CUST_000462,72.5641407624672,1097.339697899659,682.4114187567664,76079.9079039686
CUST_000463,49.16715481974314,257.6018484323222,637.7350638265548,40026.76873397176
CUST_000464,28.862941214529275,233.4517430470312,567.9977488779294,32529.501222265048
CUST_000465,8.982179103460115,79.67130591265969,549.5279625968998,53105.085875589335
CUST_000466,41.23659629401755,2.015169357118067,554.244850053507,62457.38677195677
CUST_000467,31.337048597386694,309.79219604582914,512.4827530354255,38465.34709744313
CUST_000468,37.5980080665004,33.25916869255009,767.1340076450465,23315.877102384035
CUST_000469,44.02992140025659,154.56318375949195,807.6007138598599,36704.54338497216
CUST_000470,68.51786028629512,1801.6457458220102,693.933918618538,29745.82526495616
CUST_000471,30.206548413826567,183.16662316531335,519.6860323744055,16447.55361132387
CUST_000472,44.00689976517225,341.7318586855897,750.8725023229933,57562.34167211564
CUST_000473,31.864415178418064,1132.390013736327,651.693894831656,39081.18804365116
CUST_000474,64.18330942383136,44.37993443173675,789.6839315865532,23953.100662359095
CUST_000475,6.862725713669484,168.09470856333988,678.8869761172306,22168.114162869126
CUST_000476,38.031145493615426,30.505712881137324,707.6851882958769,46908.86921018236
CUST_000477,37.47537649056896,403.0865231769349,590.9600922557154,73531.28124809387
CUST_000478,38.521178015736076,368.96583812300554,701.8849622944848,40269.998782919676
CUST_000479,51.384079001829214,755.2157013317034,638.7562625359562,43510.24743721463
CUST_000480,22.844106890190073,4.298120504285939,710.8559705776523,15544.331346424116
CUST_000481,30.316458570272868,242.9195355914531,645.1275092259039,38041.10066190634
CUST_000482,42.397845879961004,153.41899590973614,597.2324859074042,55699.698019143856
CUST_000483,59.3098658522821,681.9064683165394,635.3772690156197,88225.86441172397
CUST_000484,22.095447523652798,133.493328976563,791.9154173610001,31796.617867783105
CUST_000485,61.50133629737752,584.5008640483114,728.8693629279857,41363.78089881217
CUST_000486,37.98536887794178,140.15905981224873,781.0808273159782,14503.875717704283
CUST_000487,57.56868683982315,335.4276127924711,803.2546204341658,63790.05429665432
CUST_000488,23.635503546772025,205.51252496321928,658.9185712045415,22421.999416593342
CUST_000489,33.54765046612245,9.40866135478698,831.0308746119608,72972.7895968397
CUST_000490,31.56747960132547,192.35644106078738,679.0778126255473,63269.02684215228
CUST_000491,22.248907176002035,339.75814979213,576.5651128120078,27004.745003698055
CUST_000492,39.603913645616096,425.4554750595535,728.0161158819607,35490.31055308616
CUST_000493,22.800029282186443,10.191881284367739,754.62842480037,36432.30408467119
CUST_000494,33.45421164210147,11.477441324930336,689.0390196074169,20971.659570414085
CUST_000495,34.57282991151149,8.624613134638205,674.1203937332898,80766.98707802575
CUST_000496,48.41379171911858,45.06122957672084,670.4519681970839,34657.96902759096
CUST_000497,43.434736375916174,800.3965044823594,817.3124637586641,43687.665887120784
CUST_000498,38.39046783993657,177.74248897163545,744.7716925810278,47310.094599801705
CUST_000499,9.415580844918761,61.103693667838606,873.2514999485091,110818.61815801602
CUST_000500,49.570766521611354,211.9215300139489,750.0844474944457,21339.156486137756
CUST_000501,26.898855488682873,79.00272689519448,683.185618141521,28679.983263443275
CUST_000502,10.310502844363183,317.044301122239,774.7910256117534,33325.17867984615
CUST_000503,23.377532032137974,359.2060651104341,446.97124772536705,31476.543261722203
CUST_000504,56.51439452497856,353.8031298117833,895.8347454220594,29028.77214805857
CUST_000505,20.862518701450927,14.694595723502477,964.4343347017035,17128.770872114208
CUST_000506,43.8060949224186,278.22280601906533,746.7693171765433,30306.529568200298
CUST_000507,44.201820834541735,577.0293275185716,762.1571889856051,30187.85082858306
CUST_000508,45.6565059085328,241.08278925789412,697.0737186315022,41259.501049201186
CUST_000509,55.68845073243804,171.74404176733293,609.4267699137381,26189.578165619907
CUST_000510,31.06508058934762,261.3240369491327,837.4438093170818,141205.7444315078
CUST_000511,35.95422202663996,732.4691585382986,694.5105999383713,41888.93699138955
CUST_000512,47.81683642569008,311.0569404833019,764.5215585950057,65049.448746749134
CUST_000513,36.93317530472163,816.0559913397977,759.3556722280862,8348.237207372018
CUST_000514,49.83851164794641,7.0449268184388325,719.4736194718774,96619.10937663811
CUST_000515,36.37878384369691,468.1783524039632,622.7122332176391,44512.53632115697
CUST_000516,25.42514898188071,595.6339234170803,562.0381835211069,23221.29544302489
CUST_000517,29.740607473013547,1152.315537166753,795.3125045376087,46936.11543655631
CUST_000518,50.87643680271996,492.35091029505435,751.6178287114958,44832.55844935468
CUST_000519,31.09239756630042,534.726221920726,818.8913371474642,51748.56201545249
CUST_000520,45.27172311312374,33.86417892414425,807.0150238316428,24097.88449356073
CUST_000521,39.63958212879094,191.06911771124737,632.4821725025619,33783.934730336616
CUST_000522,28.11370118500058,602.7922841775503,669.203847036096,36867.85800285893
CUST_000523,49.12911163535111,129.95995684168975,700.1205475362224,24135.90113014395
CUST_000524,49.88868502648607,18.808898766056956,793.7570137626558,33500.57271024501
CUST_000525,29.356415605701635,127.73890742371789,623.0857650212702,22698.371242092537
CUST_000526,52.44212262897623,141.5705293808961,680.6173861227196,16807.886315438012
CUST_000527,38.01224980687155,373.38567861961377,705.9932630266328,41718.020844488296
CUST_000528,60.40987893757976,47.87261315209339,569.1179600880888,36460.404456341574
CUST_000529,55.055642857160166,217.77922534572716,880.0511181510853,67472.3508879268
CUST_000530,43.14489122911939,101.09834455040132,650.8363814367953,55364.08133320481
CUST_000531,48.391736139925555,594.74156528835,806.020990749888,144326.01598322444
CUST_000532,45.88623950768151,115.57479322464138,649.1036374292502,14520.684334549313
CUST_000533,39.5787420161053,52.440351141163106,647.5911602065407,39190.0213516264
CUST_000534,27.66370101426699,0.04916625788697591,812.1030667324471,26553.18505519933
CUST_000535,40.230684720581586,117.96731011706959,667.2105283487082,39245.62852817279
CUST_000536,52.376473970014516,138.77022421870865,613.28697842891,31682.263747135334
CUST_000537,28.336914402325338,115.06611804839595,652.3779126455341,56229.375235883446
CUST_000538,43.93841993502888,207.62611547830318,719.3589911367544,32430.984755525453
CUST_000539,51.340799831179694,1214.1421875415813,726.5362349399628,27136.112142535323
CUST_000540,3.4177426258535637,365.5871636029446,686.5720837813695,47151.534878299215
CUST_000541,27.753940208484373,400.68564308612736,708.8657590961437,40081.00673984117
CUST_000542,30.735221568484747,555.6951902817855,668.392714397295,29171.43009478437
CUST_000543,42.09665454649353,162.92357492833133,700.0527958856597,49050.38796108922
CUST_000544,18.342177757996872,85.52280662719747,470.3819046862762,17992.636529105337
CUST_000545,18.75253547380799,19.627999368675702,654.6751590976986,75074.3148974929
CUST_000546,44.9011714690348,86.9611201892328,730.0474359610828,30173.05958352076
CUST_000547,71.55709138191115,774.3732468453613,767.0480617241212,21249.13321163503
CUST_000548,16.693618509759034,53.61055850545095,781.7889658025028,68685.67475702394
CUST_000549,52.15093456079037,138.4272320909645,581.0588107132672,82564.61489551932
CUST_000550,26.49068898028197,806.3694592746419,763.8391925608383,23406.255196804483
CUST_000551,18.811963548684957,21.844382337952723,704.0919175395721,22002.388004508204
CUST_000552,51.11236518130188,5.402878078471223,648.6786433528415,16938.4328968023
CUST_000553,22.992766073696753,7.123650859505147,677.1400084659981,22088.785443050874
CUST_000554,1.5649951180703425,276.3121676923627,680.8972237399831,34937.422244449815
CUST_000555,40.22528839891434,227.6865145378159,702.2465892812046,47741.65458702091
CUST_000556,22.287807770367326,542.8214776949142,811.4321694668872,38575.72235694297
CUST_000557,63.2135514254339,1361.5513183555834,767.2861235966819,48820.57231649145
CUST_000558,34.68938933588464,6.463504937859725,642.6398227103099,59303.684991757895
CUST_000559,28.866557197125484,266.35118558380555,576.0892924346099,17435.041983775143
CUST_000560,42.47141261854775,685.3659744980123,705.0887701856018,50772.48985724999
CUST_000561,50.15449581009306,223.55573029260276,539.9096021523485,23998.61711855743
CUST_000562,38.45117859776429,502.2852171514512,535.6811188845833,25654.59995313533
CUST_000563,39.38245784631175,1155.2590926048163,702.0886488295962,40755.678263835056
CUST_000564,21.097528522411295,79.5511749615925,638.3638591960522,43019.43633774116
CUST_000565,25.087298613973193,554.8563162599534,588.8542043062968,41079.00280223115
CUST_000566,47.47332622745178,179.32223509389001,814.0149038521266,20231.40086551956
CUST_000567,52.72843051713622,154.54594009029645,676.5980140893018,45852.233386735956
CUST_000568,54.81001774883653,448.96739292296223,692.4048976357477,21066.933171360743
CUST_000569,37.66267788506346,1156.5091953100562,539.2338972881942,39829.78544720848
CUST_000570,70.35409328844459,28.945279191068547,700.6799844559998,55313.05142797308
CUST_000571,30.7354508590863,224.68148836843173,478.8138088670493,78175.91217640352
CUST_000572,18.640642713247825,18.7139951306863,673.3347670765585,45430.13243420585
CUST_000573,45.56641076970883,101.12022878886214,540.1875648116253,45756.37169559
CUST_000574,70.3646443493028,27.699741308053014,563.6825995407189,39394.13425488459
CUST_000575,40.62068578878772,76.9616885070968,742.5887206193036,36664.852906913904
CUST_000576,30.377696364335357,236.5137337304869,748.7872284871074,22454.713243630566
CUST_000577,52.4627848641905,373.5269666483938,604.3563623181991,45991.09818101338
CUST_000578,62.261740428039474,252.19344498337662,735.561334878566,49476.059753850706
CUST_000579,36.88783715974191,94.77143640182969,574.9592266030282,49131.59861868419
CUST_000580,53.234995934851135,476.37073655363497,654.790966716692,33627.08042618254
CUST_000581,26.906054848906514,10.80533582782203,909.9721789166515,32096.01472774531
CUST_000582,34.62489771968166,185.13766676324036,635.2458194364841,18544.764014423963
CUST_000583,15.951092997760757,512.2780296132997,513.3460048639383,60099.50263820726
CUST_000584,29.73055261359994,303.05323694739735,779.0625599162769,72356.08786267853
CUST_000585,21.327531426727646,100.36108214430602,701.4273067836434,22539.628154103542
CUST_000586,33.894455306098294,1096.8097110755523,768.6318456956701,16812.47053847781
CUST_000587,69.75079352277567,316.71491693584767,861.7212574968623,38260.67819387003
CUST_000588,26.51823927515308,819.50027299389,566.968637426101,73535.63888920924
CUST_000589,33.91884988579332,236.1201470302638,554.8824309948441,36096.656636222215
CUST_000590,21.214098333803214,147.0277193941152,736.3631882624968,30238.89323768724
CUST_000591,46.658203453261535,26.94318200610459,439.5786143372866,40113.73500186464
CUST_000592,46.55107827600264,147.36989028295397,740.4294754961697,60993.564913538416
CUST_000593,51.10886302154571,388.0675884067355,522.1412415993483,42609.21881525725
CUST_000594,32.43730253488493,49.93678728403236,691.8477326898354,51283.19528432739
CUST_000595,1.6244742511434662,20.507002742121372,591.2754061137198,21101.24738643749
CUST_000596,50.19059924434755,494.3537885674278,585.1205964841344,32020.59789752848
CUST_000597,57.00435207788574,131.71782085166245,819.4109403047372,22234.87396093427
CUST_000598,33.033936065359185,169.18853758787483,746.2060893251896,75347.49340823015
CUST_000599,14.198461735782725,394.85598545071736,708.5318142565025,24242.61076425581
CUST_000600,27.543333901651522,553.7062066805507,752.2514105265758,48254.29472436057
CUST_000601,41.579639813186304,15.822169840571064,765.0450092536139,17127.82904372576
CUST_000602,55.77921426584378,519.3877966920944,600.1939372685587,36925.733169154024
CUST_000603,25.65734675275529,259.54722037128266,760.6723059136183,33136.8650929916
CUST_000604,48.01758472720825,457.3107643963256,788.7655425873836,54613.50206322147
CUST_000605,38.886835321759136,432.9330383669863,766.5924252054461,44837.19436472937
CUST_000606,52.58410750704419,79.28235514314714,638.2746813453076,18966.73013688603
CUST_000607,21.666822869906177,1401.9239821222047,743.9501230620226,53608.78601178259
CUST_000608,46.866592992278285,1072.7990686358585,867.4492433347538,10985.84367676297
CUST_000609,38.87686092690266,64.96030119815538,769.5537757565778,55522.9126661968
CUST_000610,35.59049578503727,666.6120253803841,692.8400748141934,35237.12538796462
CUST_000611,46.821927544635706,97.76330858277802,789.0383163519787,48416.81782408624
CUST_000612,47.50998582071814,19.363756635534997,704.977368718096,90184.38643254853
CUST_000613,40.59904595822036,724.5810247371978,749.2018847992799,27916.762076141964
CUST_000614,7.699856201931334,51.550888191789845,809.7152711753696,20773.415277756027
CUST_000615,24.818576713036347,748.6725253506132,805.9936384046622,49439.400922180634
CUST_000616,50.253539848007165,309.5341481747256,563.4044288799465,37604.29021834113
CUST_000617,30.403532088338004,123.79400975800839,597.0628491817929,18465.600672371154
CUST_000618,17.164612206731633,481.57373795736055,811.2688374989925,25781.098885017727
CUST_000619,37.7266681748503,558.9484617329167,646.4198536947703,15464.788688988243
CUST_000620,23.252133400770113,21.2611418957228,823.5811620006939,47597.16034138172
CUST_000621,37.697735815662156,374.66544114495593,811.7398815902461,74925.50370460589
CUST_000622,34.60347031316371,507.372132906016,567.3952313917962,31346.803028641
CUST_000623,32.07944503220567,118.04273057745722,734.3787881549886,35442.74385314215
CUST_000624,40.4919549311738,72.15190814656162,624.1504665299931,77404.40633315951
CUST_000625,30.799587812225756,445.03378677665194,515.3812137761906,22816.62166894304
CUST_000626,17.552061173648813,83.88869564803818,634.9976065593102,15157.844377864563
CUST_000627,38.07937440588083,123.70637109130554,720.7267329398944,37596.72289448895
CUST_000628,29.1739366999412,28.686326188321143,717.6820872139398,34832.560064347665
CUST_000629,42.78538884611589,35.25340685709447,867.3452090298537,70985.47274729976
CUST_000630,20.506281446086035,5.557495067985257,782.9732417879175,65838.21334191476
CUST_000631,55.20513610815795,343.6940587400142,587.7455193755586,22954.02518634207
CUST_000632,55.26492200265254,1070.3449657440356,727.1495310825647,32615.56222856814
CUST_000633,44.15190173987933,323.2904525516188,804.7317706621449,65172.63793214311
CUST_000634,36.559138838979585,319.189489148095,695.6523050186138,30836.085851442433
CUST_000635,15.646671429653,1153.4581297176983,812.4353359870503,30728.977611024256
CUST_000636,48.469088888404,1376.9856686252676,598.0335661307885,23571.75529055833
CUST_000637,37.8860812858357,503.64618180695277,686.8527404328332,54886.54885456347
CUST_000638,33.44853644142674,469.1548494639617,539.342289926132,36603.669431524606
CUST_000639,38.698663741765834,346.78087091603317,570.7737304894381,51269.632797620514
CUST_000640,32.455378441729856,81.11463897013041,726.348721533106,43459.79446882901
CUST_000641,48.51912614612698,5.051928083508166,621.6234334413604,25712.4213168018
CUST_000642,26.257121267781365,23.566798168009864,616.8177791769556,85178.73339357633
CUST_000643,35.487950316746065,340.64109197864485,641.9946758629957,40933.42519768572
CUST_000644,47.49527665454401,985.0441855166802,747.2002270919274,18029.962202619292
CUST_000645,43.101621697516244,350.0917417311161,786.9156064389273,56593.273741123616
CUST_000646,28.550708437321276,169.2883106260475,703.7937835447602,39218.974735487536
CUST_000647,51.49701052167394,282.1118353827335,621.4013967365017,18205.475845114946
CUST_000648,44.55727893407314,565.1228544723606,772.1562505126144,105946.71513040892
CUST_000649,28.74095653628177,104.21815916666344,639.4139179241107,85792.67879481992
CUST_000650,69.88773029752177,1004.9422896950546,623.3343412216652,28580.34352895643
CUST_000651,13.397434990755805,8.087302076156329,702.5388420542411,13907.220183243564
CUST_000652,39.79243380858644,955.866544660471,631.0272225935826,41193.269953557436
CUST_000653,34.35801428538796,192.38250669102365,574.3493105720744,54535.25178928411
CUST_000654,35.81555604502287,26.681429409245165,672.0239831504166,47636.38785867725
CUST_000655,24.41710315319679,779.0750355742412,757.0612997219531,58929.219326134385
CUST_000656,35.03037425225016,135.3360978463267,638.776326549225,38169.913450441694
CUST_000657,15.103666217829058,279.9219977730431,564.8925633791979,18746.662613858574
CUST_000658,47.22799092577737,134.27412897419686,754.7264797377967,20480.549113989884
CUST_000659,19.549410629182624,257.13500135636394,677.0200369424806,23725.288483322336
CUST_000660,42.62817128362768,78.65810590298477,998.525900260341,44749.55812004705
CUST_000661,52.704956315341875,664.1516334492959,742.0094490451842,49188.99982096802
CUST_000662,70.84815347244313,63.797798511755744,586.9111564674084,22161.13998060121
CUST_000663,48.021678187075146,432.16199060140383,658.2633186394916,31333.874473979315
CUST_000664,54.63725079017063,264.06617573887365,791.8454443942413,31555.089690351328
CUST_000665,46.37449174371318,159.64219422939922,678.2982949575629,31124.750129661144
CUST_000666,76.40074729518284,102.74906217218224,743.2959825360696,33757.45595995923
CUST_000667,31.10610200427967,97.39610425154538,802.1383295429398,103179.07877554819
CUST_000668,16.210250316430624,284.151816362233,512.0075614860955,62502.59458115994
CUST_000669,55.82828276996565,68.7559684225731,436.42522609831224,36376.84603534332
CUST_000670,44.91731759264628,277.5330894051386,792.427013953783,41188.66496648224
CUST_000671,26.246729624221572,45.501275513951924,610.4653677636976,29612.432837529912
CUST_000672,25.062769078146562,181.53243232651496,765.1136241823657,33994.58401524428
CUST_000673,42.651321899530735,258.7413567656637,670.0323351993213,35415.2462516712
CUST_000674,79.31189636544963,361.3530919383935,588.8032974225837,20989.94425293497
CUST_000675,52.5735531935671,3.6605479030600354,728.0636404490136,87492.66516073287
CUST_000676,45.581582089102945,676.5600348107912,738.9159195667929,12798.61281924452
CUST_000677,37.19695604724401,572.3548304286542,568.0752805401232,32810.69083320868
CUST_000678,27.999421534035303,179.1196875628296,693.6475425384644,31639.097692524578
CUST_000679,54.11044215734023,284.83297641205445,639.3299705234704,40361.911965975785
CUST_000680,58.001184346402916,207.4036522620248,650.8097552493795,21185.326913569384
CUST_000681,29.669235003656276,157.52818149863933,637.5654610286776,33114.85728303546
CUST_000682,30.928830031926807,468.2188894163162,479.44339429009307,69196.0065907909
CUST_000683,54.520097124109505,3.065581604922628,765.1521991339506,20561.119424165543
CUST_000684,36.97762699078723,595.7411358543628,699.3478684770542,41533.97280892355
CUST_000685,62.69513899005983,25.10288594139618,745.7280404615241,75200.34976619936
CUST_000686,50.56759809737085,592.9651547659548,778.9056687375519,20493.62793366968
CUST_000687,40.859355316795245,405.94434413234745,840.3369970125191,51480.15313054824
CUST_000688,33.354339683072766,807.0167316262324,652.0507032600757,43390.73919053124
CUST_000689,43.26996115999206,518.948897957315,869.995737457638,62054.70266751967
CUST_000690,42.85953386897537,365.26874509496315,794.1310580767483,34675.92013120085
CUST_000691,21.74319396470642,459.9658098180714,615.2366071380915,26211.553234528943
CUST_000692,23.655504439864174,88.31550110228073,621.5238091872296,55565.83616349055
CUST_000693,37.64886886326586,258.18899133890073,609.224381985308,77624.77819348565
CUST_000694,47.66188132791392,580.6491420310379,803.0580585624057,57716.75282961927
CUST_000695,23.52173738790408,111.9124244787935,717.1839339793531,47888.25763333999
CUST_000696,22.366080915627226,77.33095067683392,610.4930157723395,21880.302507646178
CUST_000697,50.517794891055594,330.1853134521384,784.8174212666668,19608.89056475549
CUST_000698,48.284499065192854,522.1945040561798,762.5630933646001,22590.56988907311
CUST_000699,61.521024694965156,206.67891386906922,734.9650047299693,16607.316235368526
CUST_000700,41.430162991619625,142.3954057928006,673.655178391775,50785.719049667554
CUST_000701,35.61610357147346,2030.012191194156,733.5058029084117,42534.805750814616
CUST_000702,47.03901384712789,25.4129086489149,546.4427876792894,64906.262569562554
CUST_000703,27.831143212942113,599.8158579720321,598.3316871423502,32143.31457212946
CUST_000704,39.41039068558553,558.9120185906922,686.5503215598268,14676.172648892742
CUST_000705,49.60800387446551,387.7414885016283,762.2069990306048,70577.49886828048
CUST_000706,45.80212781033804,302.485422917102,809.0980425185967,58887.27082773702
CUST_000707,44.958600889381536,322.7161956525598,714.4887833096891,36752.13218665591
CUST_000708,34.72878646429401,448.56256624451953,856.3413358832108,18453.158380459503
CUST_000709,31.7021172484767,331.5847001978734,736.7649292991422,12707.996832973397
CUST_000710,49.382620252465536,328.25578349649163,788.5231482988991,35134.131963194784
CUST_000711,30.203625079744956,409.99456504278305,594.10924129434,76178.28301346673
CUST_000712,69.43880785796192,435.9818340465473,700.3695671847847,18847.934754279613
CUST_000713,53.014481258592035,61.9943608493994,823.0874513154735,84331.19638011321
CUST_000714,48.44321290261532,221.65906708003945,612.0185646497946,58471.76091808336
CUST_000715,47.10539705098341,67.89088958613993,855.4160420714774,55658.38327838259
CUST_000716,46.22298250542866,1183.3840972004898,746.3288530118107,22244.93034236304
CUST_000717,85.92920448109328,187.6012085641708,724.1321934916781,20424.551440512765
CUST_000718,45.7948497671734,319.42125503067825,679.5528779013879,15221.545715633378
CUST_000719,56.693585010713974,19.48718381519663,692.6052434391607,28974.46668272025
CUST_000720,42.9253747604219,776.8678134044792,624.171793111241,42871.87426341412
CUST_000721,51.98768229858099,86.6082332454132,762.952958422181,24290.536770572053
CUST_000722,53.430331461438996,2150.493854197359,636.8422270834668,41953.91216708578
CUST_000723,41.12164401882953,228.30980753488876,648.3570356112428,32917.73035929639
CUST_000724,36.9121085367949,26.894695170246976,625.3421653459761,26113.269282332043
CUST_000725,29.426973192767644,231.11624149203834,650.8846252857895,31494.31251130998
CUST_000726,36.157303712569295,1319.3898940447236,675.8502554129221,15504.620681411474
CUST_000727,33.057764704907335,584.3431391712415,579.6799144610856,21568.25407612575
CUST_000728,32.69195618207609,108.16294359102548,664.8078682183491,72014.83357912922
CUST_000729,22.921489404255706,23.581806325737407,759.5029465835564,27482.053577698567
CUST_000730,33.80503266784849,729.984371443411,607.330169115269,13918.166381544645
CUST_000731,37.74843667621743,302.4963025476642,664.0370327547538,42215.961773866955
CUST_000732,42.757517744837564,56.78558558614549,969.3033663980497,17797.451268398574
CUST_000733,51.720433335437654,244.22409503867098,691.9400250703239,23943.974187593834
CUST_000734,53.730854133402424,21.4132497771502,645.0459725404465,20071.77195103228
CUST_000735,5.170653739872842,471.2172911753854,883.2557043479202,54561.068761307775
CUST_000736,47.231000910030794,137.4941042639674,736.873314731752,66965.08206335697
CUST_000737,42.0523274450694,1661.38386822929,672.1116605849244,55413.52550307333
CUST_000738,39.26654224788842,493.99353210138554,559.4810153196424,6888.593040565499
CUST_000739,17.966148044947097,664.8775426426007,795.1449277058086,30234.728403500238
CUST_000740,14.441926197599216,220.86800639937522,607.5534011870445,28402.1299819368
CUST_000741,45.17417502319427,79.81730887521182,890.4136589573006,81877.49597641669
CUST_000742,73.281703501722,95.31601167675903,684.0954789599949,12729.305714086895
CUST_000743,52.95687736854493,395.55978150268635,721.6775563762629,20980.500467783524
CUST_000744,31.166997598919558,90.08514763936954,616.2737568950299,45296.86044400532
CUST_000745,33.54421785404476,122.80893345760138,589.513720693748,40549.17497660784
CUST_000746,58.269387284583374,167.13434400726396,648.6803635486604,38487.413395737356
CUST_000747,27.326523198842896,680.7652059355686,646.8785705392402,46255.62353957753
CUST_000748,23.46561775245365,89.85057653578667,768.1359510442948,30323.43254595094
CUST_000749,48.08378777715602,111.50861535476903,753.481733634591,67136.97747293983
CUST_000750,30.440383794568074,223.77657024615985,745.8386703551485,25405.640512245875
CUST_000751,36.074423984826595,243.01185643507492,606.3493625210405,26006.719391934428
CUST_000752,44.3828909248956,230.40318372905,681.2670981593625,80459.53392744875
CUST_000753,36.913471029554984,61.25352989098894,425.24951572747653,28286.35782988636
CUST_000754,32.106282152238684,641.5479583184053,838.8337778208448,26911.709091118784
CUST_000755,23.3499464217111,260.80557069035456,776.8207216631737,40444.99786758153
CUST_000756,47.62402959511884,18.81543132710255,1092.6237706436327,37352.98635814673
CUST_000757,32.317814014778,210.44852332137782,671.2552480599644,41926.12635164065
CUST_000758,39.31731632048137,98.96049674041373,657.5763666601956,41133.959966252914
CUST_000759,26.597601491685875,120.43653778210589,658.3805595114746,20639.568853155564
CUST_000760,33.24980713006279,507.1228629060641,825.7149216862573,42723.614029653334
CUST_000761,33.30635988670373,98.69960111632264,768.5507738790204,91519.2321535859
CUST_000762,37.36654081751177,24.98633710733226,766.8654804757907,78192.379310793
CUST_000763,42.06766757321175,97.50204019407131,680.5302703883318,35168.49426307007
CUST_000764,41.37628726672559,987.7368533715974,725.2240396426678,51406.008810780426
CUST_000765,18.066628904652365,414.1865373886589,786.9154592496897,28918.30998527044
CUST_000766,26.661387576575134,120.7241487875696,795.5300558237753,59613.022594649796
CUST_000767,55.57566482147723,355.76073003995987,639.601937403077,32377.715512547784
CUST_000768,15.407737562118488,153.540907874047,660.7528893939127,28732.46869931722
CUST_000769,22.679578860507014,963.5582228679874,732.4057028221561,20458.51190801921
CUST_000770,41.27814174450852,103.38142778682213,400.88640290992765,102520.57315041756
CUST_000771,34.41591273571601,507.72012060964056,746.6670981966081,77691.65369860044
CUST_000772,25.76625218762744,187.91810353725458,874.7363197915558,31726.894395205163
CUST_000773,48.90890101633967,428.72704438492593,617.5485838472326,26787.888384017944
CUST_000774,32.06533437903977,205.1462679237059,594.3442357239747,40727.42853458171
CUST_000775,65.69001569257854,123.95422068338277,508.7745024580223,35090.40383137811
CUST_000776,19.475274417507844,65.55833116968444,898.7275999230808,38615.99003436128
CUST_000777,24.87003998249758,849.3591362703394,826.3706677654668,23785.75167497915
CUST_000778,48.1521906800514,627.896152006935,719.9810433718714,94344.60100875639
CUST_000779,52.148339824916754,834.6011706753332,534.5112563771704,22470.90976537145
CUST_000780,38.15936599606414,313.916788656391,709.3372374276652,21719.196853583508
CUST_000781,38.54322698387286,1438.4087068666881,851.6394055253573,49072.74952370895
CUST_000782,41.08055291925617,277.36745812873545,678.7791030098848,15181.527024062727
CUST_000783,48.73366716345641,1016.790100224143,509.2192442122609,23619.017543199967
CUST_000784,33.79591699867534,93.75301233319524,888.768765734019,17886.17211773059
CUST_000785,49.797896658704644,314.58536977856687,808.2691053887073,28693.837977856074
CUST_000786,38.59545716891244,157.69601582763306,832.579664754219,64652.47809039225
CUST_000787,32.22088031454558,145.18388249482283,548.0653924523158,8812.462580655123
CUST_000788,33.23261712386502,175.06710675969575,755.1740799910921,46268.80720894153
CUST_000789,46.92499442067045,177.20779720917406,513.025830030458,29903.76324239129
CUST_000790,42.856358348875865,276.80621691715936,744.9218721285034,35831.55032047829
CUST_000791,32.29242074735842,191.19548124609446,745.3508712554467,22222.331437572964
CUST_000792,40.88476332384396,457.85628343156486,744.6872500802698,33948.486924979996
CUST_000793,29.401591317497907,45.151896050781694,761.0216169589222,39280.61740851343
CUST_000794,31.202030956540966,159.86546830538055,722.4216404290793,12177.576848205368
CUST_000795,57.157550896305864,654.673224136302,742.5489933240231,66080.13570386134
CUST_000796,19.42489454154301,40.84675946290676,629.0558997572454,21276.459916101066
CUST_000797,13.195814029902277,411.15986553411875,644.4453220513134,40223.01067921524
CUST_000798,21.967757108858667,62.256651788623884,660.4319288243736,19931.768381717255
CUST_000799,35.6161717683424,771.8645945224246,548.5529690819233,42650.59935398998
CUST_000800,66.32399607470862,1158.1082633318108,701.8401630783438,43337.51480435515
CUST_000801,36.1610415749537,993.7924262261532,722.526411724755,51346.97876794084
CUST_000802,20.960042551799514,509.51524764021383,870.2514658129605,98216.30671019958
CUST_000803,45.264137573435605,204.1872558820005,777.5155494034783,47883.202477309314
CUST_000804,43.51036681529722,283.6683755675053,675.1471381925551,32335.964465419038
CUST_000805,57.469224854655344,173.9186284549968,681.4154247807253,42404.06425015652
CUST_000806,39.151172666501566,263.4362162494989,821.8970789793664,50841.67149131611
CUST_000807,13.531061360844292,143.5747649605952,690.5541285557997,44792.90279111118
CUST_000808,27.041755591153507,405.8729630003624,827.9464931657751,71206.17789879559
CUST_000809,32.884818371447906,112.83930339166702,864.9480894323921,62025.773545244025
CUST_000810,29.05596295288886,1018.058914539997,736.1417317273103,45331.20200241576
CUST_000811,22.72197423119839,91.94281704926016,745.0603412862539,14258.262329029583
CUST_000812,22.573242341314543,68.42231993144719,671.6861103256233,76730.23567970819
CUST_000813,32.860170964204485,833.0891130696149,680.573086802148,24887.084420754753
CUST_000814,55.73060689624845,64.95322637113955,865.5407113088295,30126.756039687458
CUST_000815,32.390928841092816,740.2421310914343,686.0602799336766,52566.09325048021
CUST_000816,11.359658687390608,10.61088641305659,831.830232485267,33149.76584965471
CUST_000817,40.466139503125206,565.0969866001474,691.0765845778551,35639.67196829491
CUST_000818,14.031980448326118,1329.3342505454439,849.4938227453235,15261.472934536043
CUST_000819,45.11429035332439,451.11856576449867,747.3471899035228,31766.87802931411
CUST_000820,52.701561628247404,18.942311417581507,487.2772579648505,66510.94172009225
CUST_000821,35.96475180377766,597.9022933281058,629.2374105177973,25435.804029720668
CUST_000822,38.340019471640055,150.25798437588267,610.3357772684792,50954.06200761368
CUST_000823,28.37448715864414,19.21950167601188,409.30117806783585,30109.287913343374
CUST_000824,24.421842687340416,275.53710624036955,536.8724184539054,41195.474012504244
CUST_000825,22.208961529008803,597.4959681105503,639.349661178426,45613.18496078704
CUST_000826,33.113645346715124,163.50823753688442,630.5399630836855,84884.47158591
CUST_000827,27.023928592433084,21.297811875303417,690.337632998511,29496.19455957125
CUST_000828,25.813809089548283,374.4312784488796,760.8246191684968,47178.686314276674
CUST_000829,35.11618964270317,825.0414411460298,599.7782981073275,24928.883280822596
CUST_000830,17.998222140764845,407.3081025835488,649.8597853114363,47016.723765477305
CUST_000831,54.59494817999501,634.831522982209,589.6330171469631,30779.537701518126
CUST_000832,28.297013063238058,406.070181133451,833.057490403904,30081.02294748558
CUST_000833,36.90527794571007,1789.8936541571525,789.2953870108769,90654.43150410835
CUST_000834,33.85470111055754,230.13715172476427,771.2322159580162,18824.73683030295
CUST_000835,66.49983233937154,203.5673922424258,771.2712028861331,14163.519604060875
CUST_000836,34.41521420593116,994.5094225438667,743.731318703896,57758.31123411956
CUST_000837,48.14242526906015,296.51150829976706,604.7683619261203,25887.16152488203
CUST_000838,28.410108320937642,732.429076074048,783.019181186261,28953.520042080443
CUST_000839,53.420852719707064,411.9046655383102,866.7224111551136,77778.42132674744
CUST_000840,51.0343299586862,204.57348577486368,878.179890877106,57468.016390023666
CUST_000841,28.51209864870546,93.63543709615954,594.9859260397855,53037.133255344066
CUST_000842,60.5580421599507,90.08705773203975,769.5202900083999,62096.404736077275
CUST_000843,44.881552891507155,16.804822634543182,615.3149033874636,67833.36436381115
CUST_000844,51.69023505857999,147.24992380259408,696.0980480622455,30996.12411283028
CUST_000845,39.66133088358373,31.069113788620825,592.9147581315561,94439.01333101594
CUST_000846,20.793166434963,128.07133811196414,718.9479821221081,40520.17592422567
CUST_000847,41.1571717882469,18.882216391770115,718.4710474781083,58044.06652684043
CUST_000848,40.187489828608754,26.250575323907363,986.8403055666769,40060.74509257835
CUST_000849,28.03279377493996,152.193641438053,682.7198262603536,53421.046548350576
CUST_000850,46.61960727548869,126.73698883882973,626.6843802890004,93974.5826696475
CUST_000851,43.672290608418095,841.4088401000673,763.8660168643103,61639.56070003643
CUST_000852,45.514297603145664,128.01538877114353,714.8089419798276,50328.31919823296
CUST_000853,22.93468815173899,366.58201113797867,676.1889563687946,37160.48979799768
CUST_000854,26.43078437509351,399.2340407581752,817.2756845267445,13561.630156375393
CUST_000855,50.63078010276897,52.75564999195983,723.1445922525572,50173.62498291815
CUST_000856,36.764985436785516,476.475427234829,612.70389095463,30068.177687315696
CUST_000857,44.15084458882474,0.011212550783770467,608.3725899436275,71519.21261958107
CUST_000858,57.552980637949055,1153.8940529674092,713.4296497247793,49227.312319543664
CUST_000859,81.48969421658902,32.4458862681895,484.76164553908194,56287.50327264772
CUST_000860,16.57760166337211,100.31313493213909,850.3419828428999,31525.64560415592
CUST_000861,30.71390895224187,37.09841216494576,841.8531345148036,10468.182229392938
CUST_000862,59.15448079132282,144.51164759434897,733.8023481101708,24128.337585105543
CUST_000863,15.510958814690154,407.4456310932463,584.6649489404041,64129.340685389565
CUST_000864,45.078293144288715,50.12896133109776,606.2074423463602,86337.9603775401
CUST_000865,50.54322697892683,440.1948201333871,753.2006198821944,43513.674788255885
CUST_000866,66.41782187301061,352.37442381824644,699.9686327388225,28860.395300760993
CUST_000867,13.928325406819202,350.3988850616238,663.8537233306014,44722.09791904402
CUST_000868,39.19142726491391,321.5051636607386,601.7696419622686,23702.797226347902
CUST_000869,41.279263502400276,21.431901219241265,719.6131459023908,23108.732494327673
CUST_000870,16.765592124197873,370.65288061781166,725.7975981221181,97288.11720273577
CUST_000871,39.707969513843544,106.13083201526894,791.3771621385586,16766.44935924695
CUST_000872,63.847584672710255,165.65552181082768,757.4071220894001,28012.92636733218
CUST_000873,72.46011060868534,76.88439954860142,750.2784426895195,89159.34235502683
CUST_000874,50.591183707226975,7.722065318987832,675.7318723187967,30118.95124260219
CUST_000875,37.66651458217247,530.961921056899,597.3630792334108,67171.22842282
CUST_000876,25.529418613739274,515.2441191792366,862.8468554772322,11753.131945713258
CUST_000877,22.32339479709931,996.1658371100087,648.0603628173874,30624.207235583915
CUST_000878,46.42475038562856,173.21320309825396,707.7156496217717,33166.887688968076
CUST_000879,32.584684932149244,257.3547182211857,745.8168114788699,22250.936745768795
CUST_000880,22.700013951913824,44.651479644828214,531.265565288929,32641.347774790895
CUST_000881,54.39935011650618,178.7909052203619,629.097904236951,96435.4902304382
CUST_000882,32.11180486157194,613.390643518216,717.7750106268031,39587.290211138315
CUST_000883,47.662944837224764,1128.3949412508741,692.2556539274007,19977.324177832485
CUST_000884,61.76391322418818,187.34168662096457,880.7196643637885,23940.173361905945
CUST_000885,34.57617129136611,181.46226326614863,750.5965553455866,25231.888716878006
CUST_000886,72.47584101709904,750.0918034591331,819.0548594343596,14428.719004897384
CUST_000887,53.79554971126453,592.9833304984654,618.3782755458035,37762.48888989261
CUST_000888,52.92454186746916,184.2150645289798,713.9060398653418,24701.801869797622
CUST_000889,33.395548193386624,59.940661797112874,897.2542176789808,18160.533487713135
CUST_000890,47.58383862753812,643.4272824431114,848.9113108328289,35492.24036542428
CUST_000891,27.53093839071534,362.9939597243831,749.1429452720199,48285.19054256111
CUST_000892,42.93222597329936,48.46618268556263,690.1154798760693,48039.96418913885
CUST_000893,27.797044759506463,15.008600765017576,743.5975389500046,10238.15756784748
CUST_000894,50.23104235093947,407.15978247201474,712.6177903661967,72372.47265292612
CUST_000895,38.749297833423014,1097.3527458007272,632.5065981209448,29686.925394809707
CUST_000896,69.873299533071,175.04385830379726,616.7938695150143,38786.2966249605
CUST_000897,31.156489240113984,849.3226437844822,570.7374652847737,27831.276422065956
CUST_000898,30.88968350181683,626.8914807648023,692.2778954776954,42741.277825464786
CUST_000899,58.12521726360345,158.98232794287094,725.2568845996624,72567.0342353562
CUST_000900,46.66297490936008,560.0398765734736,810.1322957735762,16969.98677113319
CUST_000901,66.2010840626252,1156.611066122661,927.2434720446881,56642.70931302204
CUST_000902,48.6061663150662,309.41626572391345,572.3695583461664,73145.06187963233
CUST_000903,48.313370559190595,270.49441563619354,769.5402474550299,20526.98713791828
CUST_000904,38.32736759285584,65.10486260879814,619.5033519147439,28040.59212548618
CUST_000905,31.777504660461304,178.45308917848072,687.234531848181,27438.328947654507
CUST_000906,-3.9417303500340206,176.12578526065099,905.2972024501663,32896.300303439915
CUST_000907,42.83666824905911,257.18121597185547,869.5722877810865,93774.13468922203
CUST_000908,42.35040592369787,1172.9877013799455,802.3530644185345,103967.80381901853
CUST_000909,48.945956036764805,17.029752853896998,654.5452281256556,32554.580551435214
CUST_000910,38.629006637363275,48.02375027492338,691.9121502134539,16013.662470699444
CUST_000911,41.79400394000656,161.83538847861305,797.7815549686201,12672.334735625805
CUST_000912,57.303855149753886,193.07426999279468,838.6349397262844,9696.79948773596
CUST_000913,35.14843198683094,8.868719440512098,598.9401780071087,28068.151194968
CUST_000914,62.95292798295027,138.2866717457873,766.4927162301741,18089.45549384387
CUST_000915,31.50807117088648,37.228069017936114,749.6199187363317,27787.502374267417
CUST_000916,47.67249363042792,235.252799371977,893.5154040060229,23184.84748008514
CUST_000917,20.317262837083263,556.7036185683502,704.5222708999983,37257.142520383786
CUST_000918,32.47323710782702,192.3836294727463,562.7534452115899,26937.868253827342
CUST_000919,56.168526091799876,479.08514078063735,871.2040284017893,15156.454276798433
CUST_000920,46.52155096835337,734.7736752856174,747.5430682526624,39334.56250195213
CUST_000921,34.506374537827305,55.04499723830683,827.9518669760159,11987.15070290023
CUST_000922,47.54117211236222,2066.8261888159877,450.67291796699226,44321.47322162938
CUST_000923,27.574038178095265,184.02667857404697,641.8217966607946,20192.368556926293
CUST_000924,37.03093406522977,197.81334018461325,906.7906338163552,64302.253618940034
CUST_000925,14.011839634684694,312.8281367949252,689.6568775709716,19544.97792412306
CUST_000926,71.43765252713739,86.08818093475762,859.4442391749196,66325.9976012246
CUST_000927,30.638519315114348,302.9016272350037,787.9417041137403,21190.57871199974
CUST_000928,60.647446750293064,484.7639824045386,731.3132140013155,31854.29262028919
CUST_000929,76.62256513254202,52.16813179346034,646.8545448640785,16581.95421121008
CUST_000930,45.2006496640738,124.07684689400284,951.1556551584424,36283.98500118868
CUST_000931,36.581680276740066,122.76724931058678,764.0542935074774,38620.52310547918
CUST_000932,38.303079212263896,34.99420345686441,570.0783636554175,55619.98742207212
CUST_000933,71.80852180645752,190.9597759555124,795.8385819842042,37265.76994420857
CUST_000934,43.43612032308554,807.8467837550967,807.4318012715562,67951.15781478932
CUST_000935,45.87505923422908,204.96430297092238,732.0785725932684,40015.652610028344
CUST_000936,20.94908366931952,114.26872395147461,728.6955854301709,26511.236743506135
CUST_000937,28.761765743666164,133.54697668887914,912.4771403016962,70662.44559064883
CUST_000938,68.80551253216392,31.059657311042308,577.7104980444436,17247.574278763837
CUST_000939,41.41186401683914,121.57280375188965,823.9584006441562,29788.722490446005
CUST_000940,56.02569000541025,985.2744172083178,760.4120889588518,34417.57467593361
CUST_000941,54.991285490168664,303.48605012872844,825.92332397868,64422.64206752179
CUST_000942,25.39931742959448,773.1438569088788,800.713333647316,31624.330802771878
CUST_000943,46.76337062818772,90.99318587971104,904.9812095785926,36327.90324780111
CUST_000944,51.73195002297189,520.9059028692637,620.9100618332446,24261.034162698095
CUST_000945,14.609775767335945,85.89558011092649,703.4027411072232,38395.14510094509
CUST_000946,37.313600724757656,555.8073789227426,739.5819781095923,53106.74311380606
CUST_000947,55.81618168329117,1230.3538109899512,601.4196191332173,31505.658734202454
CUST_000948,57.921442928154065,312.37015579034,789.4647187573872,36720.92251114255
CUST_000949,18.08612592022514,136.59842452771915,889.7767016745977,22607.87648020005
CUST_000950,27.485154317626268,189.70540937996483,776.4029781572859,23941.114235826022
CUST_000951,30.42584551454279,558.3200393287894,676.4030012789028,52685.35779157698
CUST_000952,46.32319125304842,683.1374908231978,726.6818396295401,17084.14420428953
CUST_000953,22.645322872865624,23.52982461455412,601.0042207447987,35685.374108931326
CUST_000954,27.834987045567328,603.9191314981548,588.5953549838007,30071.373795674735
CUST_000955,50.75925371738163,714.2526930046059,740.8052846836756,47829.54319997218
CUST_000956,46.67160711747392,1058.8138004739149,617.4346317197858,20594.962965621824
CUST_000957,58.44661336782905,253.42186781263132,716.048962397348,109783.49957812937
CUST_000958,34.59941096864526,591.8439980362631,627.1922902144679,34048.81155190925
CUST_000959,45.109812046182114,396.2578830158614,773.1380252574993,48786.60325188113
CUST_000960,37.86780194589181,713.7579300227724,733.868731792169,44398.43400261622
CUST_000961,29.170550093123065,494.46892299650585,585.6980687926272,54725.173532521134
CUST_000962,39.02967092451223,20.121256068827293,707.2874098015515,32798.44668149009
CUST_000963,67.09774315993015,690.2605489880948,588.0453871616832,29828.96177019233
CUST_000964,42.68042075215713,76.55096636161748,822.9214784297051,38007.942624546355
CUST_000965,67.09802007189,338.40308488789054,827.5390737999015,33662.602539212334
CUST_000966,48.00038867058174,40.65374659705332,783.9468504518404,46005.924659193464
CUST_000967,54.059909377313154,435.84731484176706,787.2197000072978,31022.146586066887
CUST_000968,31.423809370659075,191.21392695877392,733.2607510324198,37660.320544096365
CUST_000969,42.809433247348274,364.2619933547141,608.367908092658,23897.751359144717
CUST_000970,37.894374116419954,545.2746554006643,730.7612668189196,21779.12725753734
CUST_000971,35.455579346885486,3.9321887721108513,742.4066861518451,37038.88271859507
CUST_000972,18.46135714197209,153.93296881882296,568.4184183572493,9310.15603008618
CUST_000973,54.13817842680208,773.6366060034081,1024.3092969594732,115146.22545168467
CUST_000974,37.27826396128725,397.1588418559177,689.3662997468685,16702.039233936455
CUST_000975,66.18807004202736,200.20762832187583,637.7965194445619,48599.51311297852
CUST_000976,47.453103857613954,198.17766213777043,806.977145498385,15872.05919905864
CUST_000977,35.717444545433274,509.09749519134283,498.1512135611362,39047.411762426156
CUST_000978,51.89763532328016,154.44820002234832,687.7942867878722,17951.815594405332
CUST_000979,33.870461311949946,0.08287835829671784,628.5319323009568,47128.81858773323
CUST_000980,44.8251781206475,205.51667988845008,716.805980596682,36936.31129333621
CUST_000981,24.372286818392073,156.5804241535566,842.8857707813568,17377.541514971934
CUST_000982,31.211084900233672,13.227236062694574,732.9106778710129,34432.496337010205
CUST_000983,33.19311272253874,591.8546263816386,630.7749670734104,13568.937184441038
CUST_000984,41.551571939621596,721.4198981113941,904.2076040143744,32656.053882285774
CUST_000985,62.56321424244885,1640.8457568979918,732.2082310766986,36114.654292288906
CUST_000986,27.80478441609805,282.1616757864053,782.3279915677705,41948.81964691556
CUST_000987,31.559619633396508,154.7619341331646,766.470274533311,27543.98832955428
CUST_000988,55.02737280522906,0.21831295010220328,650.2429161614792,21335.021256644657
CUST_000989,28.152288414261182,97.09309005354118,522.8931446911909,45971.236674397966
CUST_000990,12.532826824924747,761.64815475287,577.1556168734237,36027.617550227435
CUST_000991,53.74015479686635,146.25927970472358,684.9679539728128,30842.592696076325
CUST_000992,24.361334579941357,65.50649113889955,582.776624656336,29959.514510591674
CUST_000993,44.3294822634757,367.7748138569493,718.1062742771082,69677.93799944354
CUST_000994,48.79248700589175,67.48736011511475,658.758618178352,79613.04323379537
CUST_000995,41.02955572641573,996.5328777402392,683.5664794114608,40378.255002690625
CUST_000996,25.09961950627074,172.75279565355268,598.4121173010021,57894.16053590493
CUST_000997,6.500817709663533,63.58674436662216,610.7212484508116,46948.53271707386
CUST_000998,40.52070623128843,581.005991060107,503.14957865619465,53916.36143592016
CUST_000999,59.507902878940094,61.80697273038181,614.3501762590801,38132.994677067894
